Frequency,Magnitude,phase
1.00E+00,(-6.93514712229829e-05dB,-2.28959009779123e-01°)
1.02E+00,(-7.26198848765774e-05dB,-2.34292102472232e-01°)
1.05E+00,(-7.60423321353326e-05dB,-2.39749415436962e-01°)
1.07E+00,(-7.96260721978009e-05dB,-2.45333841890886e-01°)
1.10E+00,(-8.33787063517950e-05dB,-2.51048342425801e-01°)
1.12E+00,(-8.73081940973643e-05dB,-2.56895946575831e-01°)
1.15E+00,(-9.14228700356704e-05dB,-2.62879754421956e-01°)
1.17E+00,(-9.57314615392123e-05dB,-2.69002938233831e-01°)
1.20E+00,(-1.00243107275751e-04dB,-2.75268744149733e-01°)
1.23E+00,(-1.04967376556061e-04dB,-2.81680493895540e-01°)
1.26E+00,(-1.09914289657910e-04dB,-2.88241586543628e-01°)
1.29E+00,(-1.15094339056852e-04dB,-2.94955500312607e-01°)
1.32E+00,(-1.20518511702745e-04dB,-3.01825794408853e-01°)
1.35E+00,(-1.26198312280308e-04dB,-3.08856110910782e-01°)
1.38E+00,(-1.32145787643727e-04dB,-3.16050176696861e-01°)
1.41E+00,(-1.38373552331823e-04dB,-3.23411805418366e-01°)
1.45E+00,(-1.44894815353801e-04dB,-3.30944899517905e-01°)
1.48E+00,(-1.51723408160762e-04dB,-3.38653452294776e-01°)
1.51E+00,(-1.58873814002681e-04dB,-3.46541550018225e-01°)
1.55E+00,(-1.66361198623628e-04dB,-3.54613374089705e-01°)
1.58E+00,(-1.74201442437091e-04dB,-3.62873203255272e-01°)
1.62E+00,(-1.82411174178567e-04dB,-3.71325415869262e-01°)
1.66E+00,(-1.91007806182088e-04dB,-3.79974492210422e-01°)
1.70E+00,(-2.00009571287538e-04dB,-3.88825016851701e-01°)
1.74E+00,(-2.09435561524456e-04dB,-3.97881681084940e-01°)
1.78E+00,(-2.19305768538710e-04dB,-4.07149285401695e-01°)
1.82E+00,(-2.29641126052407e-04dB,-4.16632742031502e-01°)
1.86E+00,(-2.40463554188437e-04dB,-4.26337077538880e-01°)
1.91E+00,(-2.51796005968367e-04dB,-4.36267435480416e-01°)
1.95E+00,(-2.63662515979041e-04dB,-4.46429079123306e-01°)
2.00E+00,(-2.76088251310273e-04dB,-4.56827394226753e-01°)
2.04E+00,(-2.89099564928741e-04dB,-4.67467891887644e-01°)
2.09E+00,(-3.02724051534567e-04dB,-4.78356211451980e-01°)
2.14E+00,(-3.16990606050312e-04dB,-4.89498123493540e-01°)
2.19E+00,(-3.31929484896916e-04dB,-5.00899532861312e-01°)
2.24E+00,(-3.47572370108960e-04dB,-5.12566481797246e-01°)
2.29E+00,(-3.63952436493979e-04dB,-5.24505153125919e-01°)
2.34E+00,(-3.81104421960579e-04dB,-5.36721873517738e-01°)
2.40E+00,(-3.99064701151701e-04dB,-5.49223116827335e-01°)
2.45E+00,(-4.17871362518438e-04dB,-5.62015507508858e-01°)
2.51E+00,(-4.37564289065340e-04dB,-5.75105824109874e-01°)
2.57E+00,(-4.58185242868949e-04dB,-5.88501002845652e-01°)
2.63E+00,(-4.79777953575505e-04dB,-6.02208141255642e-01°)
2.69E+00,(-5.02388211088643e-04dB,-6.16234501943954e-01°)
2.75E+00,(-5.26063962595263e-04dB,-6.30587516405751e-01°)
2.82E+00,(-5.50855414143422e-04dB,-6.45274788941440e-01°)
2.88E+00,(-5.76815137046867e-04dB,-6.60304100660626e-01°)
2.95E+00,(-6.03998179274281e-04dB,-6.75683413577814e-01°)
3.02E+00,(-6.32462182042101e-04dB,-6.91420874801889e-01°)
3.09E+00,(-6.62267501974523e-04dB,-7.07524820821441e-01°)
3.16E+00,(-6.93477338943700e-04dB,-7.24003781888048e-01°)
3.24E+00,(-7.26157869929825e-04dB,-7.40866486499656e-01°)
3.31E+00,(-7.60378389214918e-04dB,-7.58121865986262e-01°)
3.39E+00,(-7.96211455149023e-04dB,-7.75779059200105e-01°)
3.47E+00,(-8.33733043799982e-04dB,-7.93847417312665e-01°)
3.55E+00,(-8.73022709873355e-04dB,-8.12336508720751e-01°)
3.63E+00,(-9.14163755156130e-04dB,-8.31256124064064e-01°)
3.72E+00,(-9.57243404891379e-04dB,-8.50616281356606e-01°)
3.80E+00,(-1.00235299249704e-03dB,-8.70427231234375e-01°)
3.89E+00,(-1.04958815284255e-03dB,-8.90699462321839e-01°)
3.98E+00,(-1.09904902477285e-03dB,-9.11443706719687e-01°)
4.07E+00,(-1.15084046300423e-03dB,-9.32670945616430e-01°)
4.17E+00,(-1.20507226006962e-03dB,-9.54392415026457e-01°)
4.27E+00,(-1.26185937866608e-03dB,-9.76619611657167e-01°)
4.37E+00,(-1.32132219486082e-03dB,-9.99364298907882e-01°)
4.47E+00,(-1.38358675285846e-03dB,-1.02263851300325e+00°)
4.57E+00,(-1.44878503154170e-03dB,-1.04645456926388e+00°)
4.68E+00,(-1.51705522371476e-03dB,-1.07082506851705e+00°)
4.79E+00,(-1.58854202832821e-03dB,-1.09576290365028e+00°)
4.90E+00,(-1.66339695644102e-03dB,-1.12128126631064e+00°)
5.01E+00,(-1.74177865162424e-03dB,-1.14739365375273e+00°)
5.13E+00,(-1.82385322526810e-03dB,-1.17411387583823e+00°)
5.25E+00,(-1.90979460771925e-03dB,-1.20145606219000e+00°)
5.37E+00,(-1.99978491583499e-03dB,-1.22943466950373e+00°)
5.50E+00,(-2.09401483777491e-03dB,-1.25806448902018e+00°)
5.62E+00,(-2.19268403585107e-03dB,-1.28736065416098e+00°)
5.75E+00,(-2.29600156823696e-03dB,-1.31733864833116e+00°)
5.89E+00,(-2.40418633043399e-03dB,-1.34801431289142e+00°)
6.03E+00,(-2.51746751742248e-03dB,-1.37940385530330e+00°)
6.17E+00,(-2.63608510743822e-03dB,-1.41152385745030e+00°)
6.31E+00,(-2.76029036841940e-03dB,-1.44439128413811e+00°)
6.46E+00,(-2.89034638811428e-03dB,-1.47802349177709e+00°)
6.61E+00,(-3.02652862901205e-03dB,-1.51243823725008e+00°)
6.76E+00,(-3.16912550922023e-03dB,-1.54765368696871e+00°)
6.92E+00,(-3.31843901049000e-03dB,-1.58368842612121e+00°)
7.08E+00,(-3.47478531462868e-03dB,-1.62056146811501e+00°)
7.24E+00,(-3.63849546968110e-03dB,-1.65829226421689e+00°)
7.41E+00,(-3.80991608716540e-03dB,-1.69690071339403e+00°)
7.59E+00,(-3.98941007188241e-03dB,-1.73640717235870e+00°)
7.76E+00,(-4.17735738572183e-03dB,-1.77683246581962e+00°)
7.94E+00,(-4.37415584714342e-03dB,-1.81819789694293e+00°)
8.13E+00,(-4.58022196782329e-03dB,-1.86052525802543e+00°)
8.32E+00,(-4.79599182833748e-03dB,-1.90383684138295e+00°)
8.51E+00,(-5.02192199455066e-03dB,-1.94815545045641e+00°)
8.71E+00,(-5.25849047667664e-03dB,-1.99350441113812e+00°)
8.91E+00,(-5.50619773286845e-03dB,-2.03990758332074e+00°)
9.12E+00,(-5.76556771948853e-03dB,-2.08738937267111e+00°)
9.33E+00,(-6.03714899008881e-03dB,-2.13597474263119e+00°)
9.55E+00,(-6.32151584540436e-03dB,-2.18568922664793e+00°)
9.77E+00,(-6.61926953663031e-03dB,-2.23655894063392e+00°)
1.00E+01,(-6.93103952447649e-03dB,-2.28861059566033e+00°)
1.02E+01,(-7.25748479643840e-03dB,-2.34187151088349e+00°)
1.05E+01,(-7.59929524501303e-03dB,-2.39636962670613e+00°)
1.07E+01,(-7.95719310958769e-03dB,-2.45213351817415e+00°)
1.10E+01,(-8.33193448487061e-03dB,-2.50919240860934e+00°)
1.12E+01,(-8.72431089886531e-03dB,-2.56757618347813e+00°)
1.15E+01,(-9.13515096353721e-03dB,-2.62731540449632e+00°)
1.17E+01,(-9.56532210144543e-03dB,-2.68844132396896e+00°)
1.20E+01,(-1.00157323516795e-02dB,-2.75098589936447e+00°)
1.23E+01,(-1.04873322587442e-02dB,-2.81498180812132e+00°)
1.26E+01,(-1.09811168479890e-02dB,-2.88046246268527e+00°)
1.29E+01,(-1.14981276915084e-02dB,-2.94746202577460e+00°)
1.32E+01,(-1.20394550684821e-02dB,-3.01601542586990e+00°)
1.35E+01,(-1.26062402241424e-02dB,-3.08615837292470e+00°)
1.38E+01,(-1.31996777317013e-02dB,-3.15792737429214e+00°)
1.41E+01,(-1.38210179617379e-02dB,-3.23135975086247e+00°)
1.45E+01,(-1.44715696638525e-02dB,-3.30649365340490e+00°)
1.48E+01,(-1.51527026652924e-02dB,-3.38336807910684e+00°)
1.51E+01,(-1.58658506918116e-02dB,-3.46202288830225e+00°)
1.55E+01,(-1.66125143159507e-02dB,-3.54249882138007e+00°)
1.58E+01,(-1.73942640381885e-02dB,-3.62483751586221e+00°)
1.62E+01,(-1.82127435067796e-02dB,-3.70908152363976e+00°)
1.66E+01,(-1.90696728820548e-02dB,-3.79527432835440e+00°)
1.70E+01,(-1.99668523513679e-02dB,-3.88346036291084e+00°)
1.74E+01,(-2.09061658010936e-02dB,-3.97368502710449e+00°)
1.78E+01,(-2.18895846521328e-02dB,-4.06599470534694e+00°)
1.82E+01,(-2.29191718658423e-02dB,-4.16043678447016e+00°)
1.86E+01,(-2.39970861274043e-02dB,-4.25705967158827e+00°)
1.91E+01,(-2.51255862139383e-02dB,-4.35591281199410e+00°)
1.95E+01,(-2.63070355548651e-02dB,-4.45704670706521e+00°)
2.00E+01,(-2.75439069923249e-02dB,-4.56051293215204e+00°)
2.04E+01,(-2.88387877497268e-02dB,-4.66636415441830e+00°)
2.09E+01,(-3.01943846166007e-02dB,-4.77465415060114e+00°)
2.14E+01,(-3.16135293583904e-02dB,-4.88543782465590e+00°)
2.19E+01,(-3.30991843599284e-02dB,-4.99877122524718e+00°)
2.24E+01,(-3.46544485115888e-02dB,-5.11471156304493e+00°)
2.29E+01,(-3.62825633474336e-02dB,-5.23331722778081e+00°)
2.34E+01,(-3.79869194448291e-02dB,-5.35464780501656e+00°)
2.40E+01,(-3.97710630952856e-02dB,-5.47876409257234e+00°)
2.45E+01,(-4.16387032564939e-02dB,-5.60572811655895e+00°)
2.51E+01,(-4.35937187956903e-02dB,-5.73560314695345e+00°)
2.57E+01,(-4.56401660348037e-02dB,-5.86845371265344e+00°)
2.63E+01,(-4.77822866078643e-02dB,-6.00434561594023e+00°)
2.69E+01,(-5.00245156414858e-02dB,-6.14334594627611e+00°)
2.75E+01,(-5.23714902692850e-02dB,-6.28552309335572e+00°)
2.82E+01,(-5.48280584911864e-02dB,-6.43094675932555e+00°)
2.88E+01,(-5.73992883888229e-02dB,-6.57968797007999e+00°)
2.95E+01,(-6.00904777081552e-02dB,-6.73181908553578e+00°)
3.02E+01,(-6.29071638205213e-02dB,-6.88741380878030e+00°)
3.09E+01,(-6.58551340733316e-02dB,-7.04654719398200e+00°)
3.16E+01,(-6.89404365415835e-02dB,-7.20929565294414e+00°)
3.24E+01,(-7.21693911912221e-02dB,-7.37573696017531e+00°)
3.31E+01,(-7.55486014652714e-02dB,-7.54595025634217e+00°)
3.39E+01,(-7.90849663034329e-02dB,-7.72001604996161e+00°)
3.47E+01,(-8.27856926054980e-02dB,-7.89801621718075e+00°)
3.55E+01,(-8.66583081486942e-02dB,-8.08003399948415e+00°)
3.63E+01,(-9.07106749685307e-02dB,-8.26615399915835e+00°)
3.72E+01,(-9.49510032121963e-02dB,-8.45646217233389e+00°)
3.80E+01,(-9.93878654729778e-02dB,-8.65104581941524e+00°)
3.89E+01,(-1.04030211613388e-01dB,-8.84999357269842e+00°)
3.98E+01,(-1.08887384083855e-01dB,-9.05339538096562e+00°)
4.07E+01,(-1.13969133742787e-01dB,-9.26134249083533e+00°)
4.17E+01,(-1.19285636182831e-01dB,-9.47392742463516e+00°)
4.27E+01,(-1.24847508566693e-01dB,-9.69124395455348e+00°)
4.37E+01,(-1.30665826974631e-01dB,-9.91338707281459e+00°)
4.47E+01,(-1.36752144263972e-01dB,-1.01404529576104e+01°)
4.57E+01,(-1.43118508439366e-01dB,-1.03725389345108e+01°)
4.68E+01,(-1.49777481530347e-01dB,-1.06097434330623e+01°)
4.79E+01,(-1.56742158970746e-01dB,-1.08521659382753e+01°)
4.90E+01,(-1.64026189471929e-01dB,-1.10999069366869e+01°)
5.01E+01,(-1.71643795379295e-01dB,-1.13530678566782e+01°)
5.13E+01,(-1.79609793498533e-01dB,-1.16117510027124e+01°)
5.25E+01,(-1.87939616375024e-01dB,-1.18760594831537e+01°)
5.37E+01,(-1.96649334006286e-01dB,-1.21460971313155e+01°)
5.50E+01,(-2.05755675963777e-01dB,-1.24219684193809e+01°)
5.62E+01,(-2.15276053896351e-01dB,-1.27037783648311e+01°)
5.75E+01,(-2.25228584383373e-01dB,-1.29916324290145e+01°)
5.89E+01,(-2.35632112100995e-01dB,-1.32856364074817e+01°)
6.03E+01,(-2.46506233260239e-01dB,-1.35858963117170e+01°)
6.17E+01,(-2.57871319270412e-01dB,-1.38925182418909e+01°)
6.31E+01,(-2.69748540575818e-01dB,-1.42056082502680e+01°)
6.46E+01,(-2.82159890608295e-01dB,-1.45252721949059e+01°)
6.61E+01,(-2.95128209791815e-01dB,-1.48516155832945e+01°)
6.76E+01,(-3.08677209529383e-01dB,-1.51847434055954e+01°)
6.92E+01,(-3.22831496095925e-01dB,-1.55247599571594e+01°)
7.08E+01,(-3.37616594354320e-01dB,-1.58717686500225e+01°)
7.24E+01,(-3.53058971204734e-01dB,-1.62258718131049e+01°)
7.41E+01,(-3.69186058670827e-01dB,-1.65871704808714e+01°)
7.59E+01,(-3.86026276519194e-01dB,-1.69557641702471e+01°)
7.76E+01,(-4.03609054301702e-01dB,-1.73317506456264e+01°)
7.94E+01,(-4.21964852703350e-01dB,-1.77152256718628e+01°)
8.13E+01,(-4.41125184071983e-01dB,-1.81062827551835e+01°)
8.32E+01,(-4.61122631999471e-01dB,-1.85050128720374e+01°)
8.51E+01,(-4.81990869818389e-01dB,-1.89115041859566e+01°)
8.71E+01,(-5.03764677872673e-01dB,-1.93258417525894e+01°)
8.91E+01,(-5.26479959416045e-01dB,-1.97481072131549e+01°)
9.12E+01,(-5.50173754988211e-01dB,-2.01783784766612e+01°)
9.33E+01,(-5.74884255115927e-01dB,-2.06167293913370e+01°)
9.55E+01,(-6.00650811184348e-01dB,-2.10632294058399e+01°)
9.77E+01,(-6.27513944323965e-01dB,-2.15179432209252e+01°)
1.00E+02,(-6.55515352159562e-01dB,-2.19809304323915e+01°)
1.02E+02,(-6.84697913270981e-01dB,-2.24522451662570e+01°)
1.05E+02,(-7.15105689220658e-01dB,-2.29319357072660e+01°)
1.07E+02,(-7.46783924010375e-01dB,-2.34200441219778e+01°)
1.10E+02,(-7.79779040839818e-01dB,-2.39166058778497e+01°)
1.12E+02,(-8.14138636052377e-01dB,-2.44216494598853e+01°)
1.15E+02,(-8.49911470169419e-01dB,-2.49351959865911e+01°)
1.17E+02,(-8.87147455933542e-01dB,-2.54572588271461e+01°)
1.20E+02,(-9.25897643303796e-01dB,-2.59878432218610e+01°)
1.23E+02,(-9.66214201372225e-01dB,-2.65269459081682e+01°)
1.26E+02,(-1.00815039720124e+00dB,-2.70745547545425e+01°)
1.29E+02,(-1.05176057161542e+00dB,-2.76306484049090e+01°)
1.32E+02,(-1.09710011201977e+00dB,-2.81951959362364e+01°)
1.35E+02,(-1.14422542235882e+00dB,-2.87681565321453e+01°)
1.38E+02,(-1.19319389037771e+00dB,-2.93494791754753e+01°)
1.41E+02,(-1.24406385239737e+00dB,-2.99391023628516e+01°)
1.45E+02,(-1.29689455587101e+00dB,-3.05369538443615e+01°)
1.48E+02,(-1.35174612004784e+00dB,-3.11429503915015e+01°)
1.51E+02,(-1.40867949513316e+00dB,-3.17569975965704e+01°)
1.55E+02,(-1.46775642039990e+00dB,-3.23789897066706e+01°)
1.58E+02,(-1.52903938177625e+00dB,-3.30088094954282e+01°)
1.62E+02,(-1.59259156950626e+00dB,-3.36463281754562e+01°)
1.66E+02,(-1.65847683655464e+00dB,-3.42914053544547e+01°)
1.70E+02,(-1.72675965850351e+00dB,-3.49438890376741e+01°)
1.74E+02,(-1.79750509576636e+00dB,-3.56036156792529e+01°)
1.78E+02,(-1.87077875902274e+00dB,-3.62704102846848e+01°)
1.82E+02,(-1.94664677885605e+00dB,-3.69440865663719e+01°)
1.86E+02,(-2.02517578065477e+00dB,-3.76244471538776e+01°)
1.91E+02,(-2.10643286591494e+00dB,-3.83112838601103e+01°)
1.95E+02,(-2.19048560115810e+00dB,-3.90043780042515e+01°)
2.00E+02,(-2.27740201575353e+00dB,-3.97035007917882e+01°)
2.04E+02,(-2.36725061000660e+00dB,-4.04084137515264e+01°)
2.09E+02,(-2.46010037494669e+00dB,-4.11188692289606e+01°)
2.14E+02,(-2.55602082531811e+00dB,-4.18346109348480e+01°)
2.19E+02,(-2.65508204734655e+00dB,-4.25553745473076e+01°)
2.24E+02,(-2.75735476292257e+00dB,-4.32808883652268e+01°)
2.29E+02,(-2.86291041191373e+00dB,-4.40108740102311e+01°)
2.34E+02,(-2.97182125438926e+00dB,-4.47450471739554e+01°)
2.40E+02,(-3.08416049461812e+00dB,-4.54831184068637e+01°)
2.45E+02,(-3.20000242878477e+00dB,-4.62247939444020e+01°)
2.51E+02,(-3.31942261846043e+00dB,-4.69697765658442e+01°)
2.57E+02,(-3.44249809197378e+00dB,-4.77177664808145e+01°)
2.63E+02,(-3.56930757594913e+00dB,-4.84684622381465e+01°)
2.69E+02,(-3.69993175942553e+00dB,-4.92215616514706e+01°)
2.75E+02,(-3.83445359314422e+00dB,-4.99767627357252e+01°)
2.82E+02,(-3.97295862679949e+00dB,-5.07337646486482e+01°)
2.88E+02,(-4.11553538729788e+00dB,-5.14922686312462e+01°)
2.95E+02,(-4.26227580137091e+00dB,-5.22519789412456e+01°)
3.02E+02,(-4.41327566624787e+00dB,-5.30126037736083e+01°)
3.09E+02,(-4.56863517252917e+00dB,-5.37738561623452e+01°)
3.16E+02,(-4.72845948392114e+00dB,-5.45354548580760e+01°)
3.24E+02,(-4.89285937911679e+00dB,-5.52971251760603e+01°)
3.31E+02,(-5.06195196185268e+00dB,-5.60585998097646e+01°)
3.39E+02,(-5.23586144606326e+00dB,-5.68196196054105e+01°)
3.47E+02,(-5.41472002411760e+00dB,-5.75799342933854e+01°)
3.55E+02,(-5.59866882739387e+00dB,-5.83393031728592e+01°)
3.63E+02,(-5.78785898996295e+00dB,-5.90974957464473e+01°)
3.72E+02,(-5.98245282796575e+00dB,-5.98542923022732e+01°)
3.80E+02,(-6.18262514943737e+00dB,-6.06094844413101e+01°)
3.89E+02,(-6.38856471193288e+00dB,-6.13628755484070e+01°)
3.98E+02,(-6.60047584843575e+00dB,-6.21142812059306e+01°)
4.07E+02,(-6.81858028579925e+00dB,-6.28635295494625e+01°)
4.17E+02,(-7.04311918453051e+00dB,-6.36104615654836e+01°)
4.27E+02,(-7.27435543426319e+00dB,-6.43549313314422e+01°)
4.37E+02,(-7.51257624601605e+00dB,-6.50968061990392e+01°)
4.47E+02,(-7.75809609060664e+00dB,-6.58359669219622e+01°)
4.57E+02,(-8.01126004277539e+00dB,-6.65723077296612e+01°)
4.68E+02,(-8.27244760318728e+00dB,-6.73057363490822e+01°)
4.79E+02,(-8.54207708618579e+00dB,-6.80361739765471e+01°)
4.90E+02,(-8.82061068085786e+00dB,-6.87635552022082e+01°)
5.01E+02,(-9.10856031780164e+00dB,-6.94878278896887e+01°)
5.13E+02,(-9.40649450553818e+00dB,-7.02089530136764e+01°)
5.25E+02,(-9.71504634089349e+00dB,-7.09269044583331e+01°)
5.37E+02,(-1.00349229497870e+01dB,-7.16416687794568e+01°)
5.50E+02,(-1.03669166826765e+01dB,-7.23532449333569e+01°)
5.62E+02,(-1.07119184779680e+01dB,-7.30616439753970e+01°)
5.75E+02,(-1.10709339247969e+01dB,-7.37668887311231e+01°)
5.89E+02,(-1.14451027148516e+01dB,-7.44690134428276e+01°)
6.03E+02,(-1.18357223873863e+01dB,-7.51680633943073e+01°)
6.17E+02,(-1.22442775657919e+01dB,-7.58640945164621e+01°)
6.31E+02,(-1.26724762930468e+01dB,-7.65571729762472e+01°)
6.46E+02,(-1.31222956499996e+01dB,-7.72473747513471e+01°)
6.61E+02,(-1.35960396662790e+01dB,-7.79347851927794e+01°)
6.76E+02,(-1.40964137368390e+01dB,-7.86194985774706e+01°)
6.92E+02,(-1.46266215435254e+01dB,-7.93016176526718e+01°)
7.08E+02,(-1.51904931892260e+01dB,-7.99812531739054e+01°)
7.24E+02,(-1.57926574543703e+01dB,-8.06585234379572e+01°)
7.41E+02,(-1.64387777781737e+01dB,-8.13335538122506e+01°)
7.59E+02,(-1.71358825442913e+01dB,-8.20064762617666e+01°)
7.76E+02,(-1.78928388689293e+01dB,-8.26774288745061e+01°)
7.94E+02,(-1.87210519077766e+01dB,-8.33465553863258e+01°)
8.13E+02,(-1.96355321963419e+01dB,-8.40140047058280e+01°)
8.32E+02,(-2.06565911090735e+01dB,-8.46799304398363e+01°)
8.51E+02,(-2.18126679334725e+01dB,-8.53444904198546e+01°)
8.71E+02,(-2.31453365721235e+01dB,-8.60078462297802e+01°)
8.91E+02,(-2.47188825058460e+01dB,-8.66701627350285e+01°)
9.12E+02,(-2.66405989269114e+01dB,-8.73316076131229e+01°)
9.33E+02,(-2.91104739238935e+01dB,-8.79923508857142e+01°)
9.55E+02,(-3.25730932817473e+01dB,-8.86525644519142e+01°)
9.77E+02,(-3.84162169148345e+01dB,-8.93124216227619e+01°)
1.00E+03,(-6.62493281112204e+01dB,-8.99720966565897e+01°)
1.02E+03,(-3.91515271040602e+01dB,8.93682357049717e+01°)
1.05E+03,(-3.29406322994907e+01dB,8.87084007006934e+01°)
1.07E+03,(-2.93555331827376e+01dB,8.80482240133912e+01°)
1.10E+03,(-2.68244437199850e+01dB,8.73875322339023e+01°)
1.12E+03,(-2.48660128855420e+01dB,8.67261533256521e+01°)
1.15E+03,(-2.32680009410000e+01dB,8.60639170901006e+01°)
1.17E+03,(-2.19178645517206e+01dB,8.54006556333061e+01°)
1.20E+03,(-2.07486932633737e+01dB,8.47362038337886e+01°)
1.23E+03,(-1.97174548462944e+01dB,8.40703998118168e+01°)
1.26E+03,(-1.87948349806965e+01dB,8.34030854001600e+01°)
1.29E+03,(-1.79599654111088e+01dB,8.27341066162600e+01°)
1.32E+03,(-1.71974643060345e+01dB,8.20633141356751e+01°)
1.35E+03,(-1.64956694191992e+01dB,8.13905637665343e+01°)
1.38E+03,(-1.58455299618411e+01dB,8.07157169246175e+01°)
1.41E+03,(-1.52398828238718e+01dB,8.00386411085380e+01°)
1.45E+03,(-1.46729634911378e+01dB,7.93592103743642e+01°)
1.48E+03,(-1.41400658634614e+01dB,7.86773058088588e+01°)
1.51E+03,(-1.36372996760337e+01dB,7.79928160003548e+01°)
1.55E+03,(-1.31614137290769e+01dB,7.73056375061190e+01°)
1.58E+03,(-1.27096645941420e+01dB,7.66156753148805e+01°)
1.62E+03,(-1.22797174358425e+01dB,7.59228433030252e+01°)
1.66E+03,(-1.18695699541913e+01dB,7.52270646827805e+01°)
1.70E+03,(-1.14774932608013e+01dB,7.45282724405364e+01°)
1.74E+03,(-1.11019853510433e+01dB,7.38264097632757e+01°)
1.78E+03,(-1.07417340774299e+01dB,7.31214304509196e+01°)
1.82E+03,(-1.03955873814755e+01dB,7.24132993122325e+01°)
1.86E+03,(-1.00625291353299e+01dB,7.17019925417858e+01°)
1.91E+03,(-9.74165936526072e+00dB,7.09874980753437e+01°)
1.95E+03,(-9.43217793143065e+00dB,7.02698159209230e+01°)
2.00E+03,(-9.13337095860418e+00dB,6.95489584626815e+01°)
2.04E+03,(-8.84459947472631e+00dB,6.88249507347226e+01°)
2.09E+03,(-8.56528983532930e+00dB,6.80978306618654e+01°)
2.14E+03,(-8.29492560289697e+00dB,6.73676492644143e+01°)
2.19E+03,(-8.03304061968681e+00dB,6.66344708239941e+01°)
2.24E+03,(-7.77921306577634e+00dB,6.58983730075745e+01°)
2.29E+03,(-7.53306033535251e+00dB,6.51594469469111e+01°)
2.34E+03,(-7.29423459646901e+00dB,6.44177972707739e+01°)
2.40E+03,(-7.06241892482979e+00dB,6.36735420875208e+01°)
2.45E+03,(-6.83732392222739e+00dB,6.29268129158023e+01°)
2.51E+03,(-6.61868474627024e+00dB,6.21777545614590e+01°)
2.57E+03,(-6.40625849087911e+00dB,6.14265249389893e+01°)
2.63E+03,(-6.19982186740189e+00dB,6.06732948363232e+01°)
2.69E+03,(-5.99916914461349e+00dB,5.99182476220339e+01°)
2.75E+03,(-5.80411031273448e+00dB,5.91615788945526e+01°)
2.82E+03,(-5.61446944223111e+00dB,5.84034960734146e+01°)
2.88E+03,(-5.43008321279382e+00dB,5.76442179330532e+01°)
2.95E+03,(-5.25079959172074e+00dB,5.68839740801686e+01°)
3.02E+03,(-5.07647664410898e+00dB,5.61230043762199e+01°)
3.09E+03,(-4.90698145989820e+00dB,5.53615583071168e+01°)
3.16E+03,(-4.74218918501336e+00dB,5.45998943027139e+01°)
3.24E+03,(-4.58198214569381e+00dB,5.38382790092246e+01°)
3.31E+03,(-4.42624905663565e+00dB,5.30769865181679e+01°)
3.39E+03,(-4.27488430486310e+00dB,5.23162975559333e+01°)
3.47E+03,(-4.12778730232487e+00dB,5.15564986384784e+01°)
3.55E+03,(-3.98486190111594e+00dB,5.07978811960676e+01°)
3.63E+03,(-3.84601586598213e+00dB,5.00407406732992e+01°)
3.72E+03,(-3.71116039939798e+00dB,4.92853756099511e+01°)
3.80E+03,(-3.58020971503723e+00dB,4.85320867083964e+01°)
3.89E+03,(-3.45308065589537e+00dB,4.77811758934970e+01°)
3.98E+03,(-3.32969235369111e+00dB,4.70329453709645e+01°)
4.07E+03,(-3.20996592647868e+00dB,4.62876966901979e+01°)
4.17E+03,(-3.09382421165622e+00dB,4.55457298175433e+01°)
4.27E+03,(-2.98119153176692e+00dB,4.48073422258004e+01°)
4.37E+03,(-2.87199349066577e+00dB,4.40728280055988e+01°)
4.47E+03,(-2.76615679777264e+00dB,4.33424770040113e+01°)
4.57E+03,(-2.66360911825783e+00dB,4.26165739954506e+01°)
4.68E+03,(-2.56427894711398e+00dB,4.18953978895212e+01°)
4.79E+03,(-2.46809550516251e+00dB,4.11792209800807e+01°)
4.90E+03,(-2.37498865512700e+00dB,4.04683082393051e+01°)
5.01E+03,(-2.28488883598320e+00dB,3.97629166600590e+01°)
5.13E+03,(-2.19772701386827e+00dB,3.90632946493637e+01°)
5.25E+03,(-2.11343464790167e+00dB,3.83696814752208e+01°)
5.37E+03,(-2.03194366933943e+00dB,3.76823067685214e+01°)
5.50E+03,(-1.95318647255243e+00dB,3.70013900812328e+01°)
5.62E+03,(-1.87709591638951e+00dB,3.63271405015340e+01°)
5.75E+03,(-1.80360533455705e+00dB,3.56597563260640e+01°)
5.89E+03,(-1.73264855372030e+00dB,3.49994247889622e+01°)
6.03E+03,(-1.66415991810575e+00dB,3.43463218469262e+01°)
6.17E+03,(-1.59807431946021e+00dB,3.37006120190885e+01°)
6.31E+03,(-1.53432723129963e+00dB,3.30624482801290e+01°)
6.46E+03,(-1.47285474645874e+00dB,3.24319720046950e+01°)
6.61E+03,(-1.41359361703139e+00dB,3.18093129608978e+01°)
6.76E+03,(-1.35648129586944e+00dB,3.11945893503921e+01°)
6.92E+03,(-1.30145597888639e+00dB,3.05879078923317e+01°)
7.08E+03,(-1.24845664748759e+00dB,2.99893639483174e+01°)
7.24E+03,(-1.19742311052441e+00dB,2.93990416853249e+01°)
7.41E+03,(-1.14829604524141e+00dB,2.88170142735049e+01°)
7.59E+03,(-1.10101703675576e+00dB,2.82433441156994e+01°)
7.76E+03,(-1.05552861567447e+00dB,2.76780831054959e+01°)
7.94E+03,(-1.01177429351792e+00dB,2.71212729106575e+01°)
8.13E+03,(-9.69698595678170e-01dB,2.65729452788144e+01°)
8.32E+03,(-9.29247091694933e-01dB,2.60331223623659e+01°)
8.51E+03,(-8.90366422684340e-01dB,2.55018170596447e+01°)
8.71E+03,(-8.53004325802019e-01dB,2.49790333694991e+01°)
8.91E+03,(-8.17109655665216e-01dB,2.44647667565864e+01°)
9.12E+03,(-7.82632402697166e-01dB,2.39590045248070e+01°)
9.33E+03,(-7.49523708391539e-01dB,2.34617261964668e+01°)
9.55E+03,(-7.17735877525241e-01dB,2.29729038949111e+01°)
9.77E+03,(-6.87222387374310e-01dB,2.24925027285428e+01°)
1.00E+04,(-6.57937894010920e-01dB,2.20204811743008e+01°)
